Customer_ID,Age,Monthly_Income,Monthly_Spend,Online_Visits,Returns,Tenure_Months,Spend_Ratio,Customer_Value,Segment,Predicted_Spend
1,56,19621,22452,10,2,45,1.144284185,1010340,1,21582.72523
2,46,30034,39001,38,0,40,1.29856163,1560040,1,20482.78696
3,32,20126,10516,32,2,39,0.522508198,410124,1,20590.50947
4,25,20122,3396,28,2,49,0.1687705,166404,1,20950.67763
5,38,33030,19546,17,0,53,0.591765062,1035938,1,21614.99263
6,56,97838,20129,31,2,23,0.205738057,462967,2,21184.08751
7,36,99717,2591,8,1,47,0.025983533,121777,2,22604.22703
8,40,70658,12303,25,0,32,0.174120411,393696,0,21298.05666
9,28,53638,31561,9,2,52,0.588407472,1641172,3,22145.98925
10,28,82067,7183,2,4,47,0.087526046,337601,0,22644.86899
11,41,103869,27572,15,2,33,0.265449749,909876,2,22090.82441
12,53,49674,35080,3,1,57,0.706204453,1999560,3,22441.02071
13,57,50854,21695,36,3,46,0.426613442,997970,3,20917.31935
14,41,61271,8314,4,2,5,0.135692252,41570,3,21488.20262
15,20,88688,20623,14,3,43,0.232534277,886789,0,22160.4946
16,39,53518,3139,25,4,48,0.058653163,150672,3,21426.18984
17,19,25267,32290,10,2,34,1.277951478,1097860,1,21425.54448
18,41,105825,19088,21,0,40,0.180373258,763520,2,22013.9914
19,47,16062,34130,36,3,11,2.124891047,375430,1,19823.34805
20,55,65448,33088,12,4,50,0.505561667,1654400,0,22119.13517
21,19,110462,27292,27,0,3,0.247071391,81876,2,21084.39851
22,38,21229,21670,2,0,58,1.02077347,1256860,1,22180.7845
23,50,71793,4738,13,0,33,0.065995292,156354,0,21809.53563
24,29,62915,3469,32,0,11,0.055137884,38159,3,20510.29125
25,39,19632,23534,31,2,16,1.198757131,376544,1,20163.29916
26,42,119592,10017,16,2,18,0.083759783,180306,2,21926.92129
27,44,18596,3808,32,2,30,0.20477522,114240,1,20392.68608
28,59,21168,13713,32,4,48,0.64781746,658224,1,20782.83971
29,45,22561,3719,34,4,55,0.164841984,204545,1,20859.21471
30,33,88794,23890,11,4,10,0.269049711,238900,0,21619.14303
31,32,97152,12700,10,1,18,0.130722991,228600,2,21913.64492
32,20,41734,37509,15,4,38,0.898763598,1425342,3,21491.73962
33,54,21371,37766,17,2,19,1.767161106,717554,1,20801.48326
34,24,41069,27705,18,2,36,0.674596411,997380,3,21324.4615
35,38,94905,19787,9,1,59,0.208492703,1167433,2,22750.97609
36,26,27910,27588,25,1,13,0.988462917,358644,1,20435.59766
37,56,88479,27123,14,4,56,0.306547316,1518888,0,22419.01017
38,35,92735,34062,25,3,46,0.367304685,1566852,2,21827.49996
39,21,96264,11177,22,1,3,0.116107787,33531,2,21124.01135
40,42,38275,22727,30,0,10,0.593781842,227270,3,20292.63856
41,31,87274,31220,20,2,38,0.35772395,1186360,0,21804.92603
42,26,96449,10882,21,0,1,0.112826468,10882,2,21125.84657
43,43,115776,2136,32,2,55,0.01844942,117480,2,21988.25614
44,19,75004,35832,21,2,56,0.477734521,2006592,0,21988.12527
45,37,77981,32966,35,1,27,0.422744002,890082,0,20881.2902
46,45,99659,8009,32,1,46,0.080364041,368414,2,21626.23511
47,24,69553,13987,30,0,8,0.201098443,111896,0,20604.58382
48,25,63447,38311,39,2,51,0.603826816,1953861,0,21039.74653
49,52,49529,32575,12,0,46,0.657695492,1498450,3,21859.67683
50,31,90703,2007,18,3,42,0.022127162,84294,2,22003.56416
51,34,91090,6445,21,0,17,0.070754199,109565,2,21386.59183
52,53,32260,11706,13,4,9,0.362864228,105354,1,20882.93217
53,57,18812,30257,21,0,6,1.608388263,181542,1,20352.26451
54,21,43024,22736,8,4,43,0.528449238,977648,3,21885.79874
55,19,73656,14281,7,4,25,0.193887803,357025,0,21909.29019
56,23,42285,2435,23,4,39,0.057585432,94965,3,21198.91795
57,59,107436,34339,32,3,49,0.319622845,1682611,2,21773.97677
58,21,16605,36150,11,0,28,2.177055104,1012200,1,21167.75419
59,46,86158,26821,22,0,33,0.311300169,885093,0,21612.25725
60,35,87303,27660,22,3,54,0.3168276,1493640,0,22046.54828
61,43,42139,6084,25,2,37,0.144379316,225108,3,21077.36825
62,51,92149,17661,22,1,9,0.19165699,158949,2,21198.0918
63,27,71138,14507,28,0,18,0.203927577,261126,0,20902.86578
64,53,91125,8059,29,1,56,0.088438957,451304,2,21850.49953
65,31,28918,19271,13,3,59,0.666401549,1136989,1,21848.65223
66,48,100655,8491,18,2,21,0.084357459,178311,2,21694.18581
67,32,42446,15859,2,2,2,0.373627668,31718,3,21295.87255
68,25,28046,9073,29,2,58,0.323504243,526234,1,21180.58833
69,31,39818,10077,21,3,43,0.253076498,433311,3,21331.18813
70,40,115894,21953,15,4,59,0.189423094,1295227,2,22747.91938
71,57,19324,12383,27,4,38,0.640809356,470554,1,20760.84674
72,38,91323,3353,31,1,58,0.036715833,194474,2,21813.08918
73,33,24111,24821,15,4,40,1.02944714,992840,1,21333.501
74,35,53110,38567,23,4,36,0.726172096,1388412,3,21260.56853
75,41,31389,25860,24,2,50,0.823855491,1293000,1,21257.11606
76,43,56427,22195,13,2,43,0.393340068,954385,3,21837.23704
77,42,94579,12939,22,1,37,0.136806268,478743,2,21787.31483
78,58,43746,26338,37,0,15,0.602066475,395070,3,20175.35202
79,46,102886,22730,33,1,28,0.22092413,636440,2,21261.47122
80,32,15117,22427,3,1,18,1.483561553,403686,1,21269.42755
81,18,99471,36196,19,3,34,0.363884951,1230664,2,21901.84
82,42,28234,28083,23,3,22,0.994651838,617826,1,20699.61847
83,24,118864,22510,29,1,11,0.189376094,247610,2,21259.73666
84,26,68441,8813,30,1,58,0.128767844,511154,0,21595.40574
85,41,15846,32598,39,1,57,2.057175312,1858086,1,20624.32958
86,18,25954,28570,25,4,13,1.100793712,371410,1,20413.58007
87,25,94239,28082,37,3,4,0.297987033,112328,2,20522.98868
88,41,61514,30241,8,1,22,0.491611666,665302,3,21672.52785
89,28,103236,31678,16,2,7,0.306850324,221746,2,21522.07642
90,34,112579,12745,8,2,43,0.113209391,548035,2,22668.7402
91,25,21469,27029,1,4,54,1.258978061,1459566,1,22143.10526
92,52,45105,14025,5,4,24,0.310941137,336600,3,21647.61357
93,52,57101,37124,3,0,4,0.650146232,148496,3,21461.08284
94,50,79323,15288,1,0,28,0.192730986,428064,0,22272.59883
95,22,106922,24650,4,0,15,0.23054189,369750,2,22202.73803
96,59,73067,7540,35,4,1,0.10319296,7540,0,20304.23975
97,56,64376,33232,32,4,55,0.516217224,1827760,0,21409.67529
98,58,60587,17422,34,4,3,0.287553436,52266,3,20243.77933
99,45,51976,4342,25,2,14,0.083538556,60788,3,20726.56185
100,24,119587,36612,10,4,38,0.306153679,1391256,2,22567.51871
101,26,82584,11396,21,2,50,0.137992832,569800,0,21953.04837
102,25,119537,18482,39,0,57,0.154613216,1053474,2,21791.52075
103,29,93477,24411,27,0,1,0.261144453,24411,2,20853.07438
104,51,57533,14261,27,0,38,0.247875133,541918,3,21190.94393
105,50,16828,4093,2,1,38,0.243225576,155534,1,21729.90929
106,40,16917,12722,13,1,21,0.752024591,267162,1,20951.02604
107,41,35618,23042,9,3,48,0.646920097,1106016,1,21862.88114
108,54,47254,29087,36,3,29,0.615545774,843523,3,20535.66089
109,52,62362,33347,22,3,5,0.53473269,166735,3,20782.5292
110,57,35128,34756,26,1,49,0.989410157,1703044,1,21199.36441
111,39,74383,17335,12,1,10,0.233050563,173350,0,21417.04017
112,44,80545,29602,17,3,28,0.367521261,828856,0,21648.17268
113,52,97180,35450,14,3,21,0.364786993,744450,2,21814.61507
114,18,102958,33196,14,4,50,0.322422735,1659800,2,22461.59142
115,52,24865,6626,34,3,7,0.266478987,46382,1,19921.94402
116,54,17219,8424,20,4,3,0.489227017,25272,1,20314.019
117,31,54809,13857,11,2,45,0.252823441,623565,3,21938.93038
118,20,20287,20982,16,1,47,1.034258392,986154,1,21391.03752
119,18,49387,12425,31,3,20,0.251584425,248500,3,20578.50155
120,22,23512,2980,6,1,19,0.12674379,56620,1,21264.33308
121,43,16342,27431,19,1,35,1.678558316,960085,1,20986.17046
122,31,78076,20440,37,1,4,0.261796199,81760,0,20341.0509
123,56,34216,18175,4,2,5,0.531184241,90875,1,21183.65973
124,44,108070,27385,4,0,1,0.253400574,27385,2,21934.72548
125,26,94767,39158,20,3,4,0.413202908,156632,2,21206.99993
126,32,112829,24019,10,0,12,0.212879667,288228,2,21969.71139
127,32,41614,19639,24,0,27,0.471932523,530253,3,20910.67715
128,43,51258,20994,35,0,56,0.409575091,1175664,3,21162.42111
129,59,108789,35375,26,1,42,0.325170743,1485750,2,21888.05732
130,30,57078,22563,37,4,23,0.395301167,518949,3,20485.95709
131,49,98524,6776,38,1,25,0.068775121,169400,2,20952.73858
132,56,111573,37444,21,1,21,0.335600907,786324,2,21697.42455
133,49,27219,4380,39,0,58,0.160917007,254040,1,20772.41581
134,21,15235,9711,21,1,52,0.63741385,504972,1,21235.07218
135,47,57929,9782,10,0,24,0.168861883,234768,3,21592.53439
136,54,82444,18434,38,4,25,0.223594197,460850,0,20771.73508
137,40,23567,21017,4,3,45,0.891797853,945765,1,21866.4612
138,56,116834,31707,20,0,55,0.271385042,1743885,2,22478.80158
139,32,85792,18343,17,4,46,0.213807814,843778,0,22068.43727
140,46,80441,39827,7,3,32,0.495108216,1274464,0,22126.13258
141,53,99555,6655,4,2,55,0.066847471,366025,2,22922.48312
142,30,88698,16251,29,0,32,0.183217209,520032,0,21341.5774
143,49,20415,1526,14,0,5,0.074748959,7630,1,20629.4462
144,24,51159,4224,3,2,36,0.082566117,152064,3,22036.33411
145,39,58925,12536,24,2,46,0.212745015,576656,3,21486.80618
146,45,20951,29541,37,0,42,1.410004296,1240722,1,20460.56465
147,19,102388,14547,16,2,49,0.142077197,712803,2,22355.33578
148,59,23007,35531,4,1,42,1.544356066,1492302,1,21799.95725
149,23,56832,9712,24,3,58,0.17088964,563296,3,21704.04784
150,45,73596,39565,34,3,39,0.537597152,1543035,0,21112.61845
151,45,45523,10208,30,3,16,0.224238297,163328,3,20494.6259
152,37,103861,6109,18,1,33,0.058818998,201597,2,21971.07532
153,47,101740,36201,19,2,49,0.355818754,1773849,2,22228.38258
154,28,30524,17967,31,4,21,0.588618792,377307,1,20386.23817
155,45,34282,30759,19,2,9,0.8972347,276831,1,20666.37461
156,42,38930,21172,19,0,6,0.543847932,127032,3,20658.49419
157,56,15077,37935,22,3,51,2.516084102,1934685,1,21173.34054
158,50,35611,27589,24,2,45,0.774732526,1241505,1,21204.30683
159,18,31984,31015,12,4,35,0.969703602,1085525,1,21441.44805
160,44,29060,30009,30,0,39,1.032656573,1170351,1,20770.84716
161,30,97985,18773,38,1,22,0.19159055,413006,2,20886.47102
162,58,99056,27143,31,1,41,0.274016718,1112863,2,21558.99992
163,20,58303,7154,36,4,54,0.122703806,386316,3,21161.7028
164,56,74207,22804,19,0,5,0.307302546,114020,0,21035.52072
165,23,90046,21581,36,3,42,0.239666393,906402,0,21278.21449
166,25,44287,31087,30,2,23,0.701944137,715001,3,20621.18042
167,44,108709,33981,33,0,17,0.312586814,577677,2,21106.28286
168,26,54711,4762,18,1,12,0.087039169,57144,3,20996.41905
169,54,26954,10768,28,4,23,0.399495437,247664,1,20505.84529
170,50,88340,39559,11,4,16,0.447803939,632944,0,21734.43329
171,59,87101,9783,33,2,3,0.112317884,29349,0,20582.11883
172,41,86520,30781,17,4,30,0.355767453,923430,0,21755.56345
173,32,102062,31811,6,4,57,0.311683095,1813227,2,22911.06388
174,49,117974,36488,4,0,22,0.309288487,802736,2,22467.61164
175,49,33574,9905,20,3,9,0.295019956,89145,1,20618.51871
176,41,24184,10127,27,2,29,0.418747933,293683,1,20634.95199
177,58,34096,23431,15,0,47,0.68720671,1101257,1,21586.36399
178,29,82728,7368,6,3,37,0.089062953,272616,0,22292.0963
179,56,49016,28424,14,0,23,0.57989228,653752,3,21312.59362
180,19,26246,19333,11,0,13,0.736607483,251329,1,20975.27577
181,20,60558,24116,39,4,32,0.398229796,771712,3,20625.95783
182,54,33381,16525,9,3,46,0.49504209,760150,1,21797.56693
183,34,51455,24398,26,2,52,0.474161889,1268696,3,21443.3486
184,19,107263,33857,16,2,47,0.315644724,1591279,2,22370.07735
185,19,19018,11361,5,3,48,0.597381428,545328,1,21835.56967
186,45,26302,17369,10,4,23,0.660368033,399487,1,21216.46029
187,40,82506,4041,3,1,45,0.048978256,181845,0,22569.79066
188,54,56157,1105,13,0,17,0.019676977,18785,3,21312.46148
189,49,69917,10078,30,4,55,0.14414234,554290,0,21551.8199
190,50,107738,26003,6,3,40,0.241354026,1040120,2,22633.82013
191,18,111646,7090,17,0,21,0.06350429,148890,2,21857.79165
192,36,98122,39850,19,2,2,0.406127066,79700,2,21244.51806
193,19,39519,2925,35,1,37,0.074015031,108225,3,20649.01295
194,43,111809,19440,26,2,6,0.173867935,116640,2,21199.64762
195,49,102487,27015,5,3,44,0.263594407,1188660,2,22694.86605
196,23,71819,34320,29,0,18,0.477867974,617760,0,20870.64507
197,49,95910,26291,37,3,30,0.274121572,788730,2,21063.53451
198,21,86324,37679,20,0,22,0.436483481,828938,0,21473.16391
199,28,20408,27289,21,4,54,1.337171697,1473606,1,21333.43529
200,34,74379,4389,10,1,33,0.059008591,144837,0,21958.30381
201,55,40053,26683,5,4,30,0.666192295,800490,3,21711.14674
202,41,24446,14629,36,4,17,0.59842101,248693,1,20038.1227
203,22,15922,25826,6,3,43,1.622032408,1110518,1,21660.49949
204,51,113723,36198,26,1,32,0.318299728,1158336,2,21742.92876
205,23,66356,27630,4,0,42,0.416390379,1160460,0,22287.91252
206,39,25789,34226,39,0,51,1.327154989,1745526,1,20615.85164
207,28,112720,33975,39,2,14,0.301410575,475650,2,20851.91401
208,33,81656,1899,35,0,58,0.023256099,110142,0,21544.72783
209,50,59028,12653,1,3,10,0.214355899,126530,3,21682.94738
210,26,79484,28961,24,4,47,0.364362639,1361167,0,21738.29404
211,23,47154,17405,36,4,51,0.369109726,887655,3,20976.00444
212,33,97870,9601,6,4,36,0.09809952,345636,2,22442.47449
213,46,17336,34662,31,1,34,1.999423166,1178508,1,20498.65645
214,20,118677,34282,20,0,9,0.288868104,308538,2,21576.47524
215,37,82779,22288,24,3,42,0.269247031,936096,0,21675.05009
216,53,34029,30545,25,1,28,0.897616739,855260,1,20805.47752
217,36,74201,37877,36,2,11,0.510464819,416647,0,20477.78602
218,43,47265,16313,21,3,14,0.345139109,228382,3,20833.07815
219,20,117916,16349,30,3,39,0.138649547,637611,2,21771.0491
220,36,58872,8179,24,3,55,0.138928523,449845,3,21666.81062
221,37,61197,11326,30,4,47,0.185074432,532322,3,21293.12952
222,49,70180,2560,22,3,54,0.036477629,138240,0,21853.80431
223,24,38710,14612,28,0,19,0.377473521,277628,3,20557.90883
224,58,44486,18650,7,3,54,0.419233017,1007100,3,22162.8766
225,50,86907,27745,35,4,15,0.319249312,416175,0,20740.96377
226,57,86895,32890,28,3,28,0.378502791,920920,0,21280.90127
227,56,79435,21022,14,2,24,0.264644049,504528,0,21675.06994
228,35,55631,5780,10,2,8,0.103898905,46240,3,21245.5986
229,57,116532,19311,16,4,43,0.165714139,830373,2,22394.14614
230,18,35103,29380,16,0,9,0.836965502,264420,1,20795.27518
231,28,79772,3356,31,0,47,0.042069899,157732,0,21462.33148
232,45,29382,5790,25,1,33,0.197059424,191070,1,20853.50277
233,42,99291,27911,13,4,33,0.28110302,921063,2,22119.06513
234,40,116195,25363,6,3,19,0.218279616,481897,2,22307.6134
235,48,18756,21049,9,4,3,1.122254212,63147,1,20770.06993
236,47,35609,11181,36,1,10,0.313993653,111810,1,20023.31083
237,59,31478,17082,20,4,40,0.542664718,683280,1,21216.99545
238,52,115978,1661,18,4,47,0.014321682,78067,2,22388.40451
239,24,54666,38412,21,1,42,0.702667106,1613304,3,21478.25692
240,33,90683,3920,4,0,1,0.043227507,3920,2,21739.00981
241,43,114097,26658,33,3,29,0.233643304,773082,2,21407.73392
242,19,115420,15025,27,1,50,0.130176746,751250,2,22083.34666
243,18,86315,9946,7,2,34,0.115229103,338164,0,22232.38645
244,29,92834,29706,6,0,51,0.319990521,1515006,2,22686.7888
245,22,29153,17309,15,2,13,0.593729633,225017,1,20848.45285
246,54,91325,34120,18,0,54,0.373610731,1842480,0,22251.36704
247,49,27999,31027,32,3,1,1.10814672,31027,1,19916.59369
248,26,70318,8005,11,3,34,0.113839984,272170,0,21892.77186
249,58,15814,1956,20,4,29,0.123687872,56724,1,20819.94003
250,52,91077,35839,24,2,48,0.393502201,1720272,0,21888.85669
251,36,105474,9595,15,0,47,0.090970287,450965,2,22389.82593
252,33,17443,13803,7,3,13,0.7913203,179439,1,21035.73074
253,20,90993,26963,21,1,48,0.296319497,1294224,0,22007.57019
254,37,90916,37221,26,3,49,0.409399886,1823829,0,21827.3385
255,41,88319,34723,14,1,53,0.393154361,1840319,0,22357.00879
256,50,32368,16282,37,0,29,0.503027682,472178,1,20328.21123
257,41,30328,5703,21,3,39,0.188044052,222417,1,21144.09742
258,28,71942,7563,18,3,24,0.105126352,181512,0,21431.18009
259,25,106751,26849,5,0,26,0.251510524,698074,2,22381.66143
260,53,114131,32860,3,3,17,0.287914765,558620,2,22363.90559
261,55,42306,32585,23,1,7,0.770221718,228095,3,20557.01732
262,57,100451,23015,26,3,13,0.229116684,299195,2,21212.26449
263,37,54915,13003,37,2,5,0.236784121,65015,3,20100.40735
264,52,52219,27958,24,4,26,0.535398993,726908,3,21009.98488
265,42,95879,27017,19,1,49,0.281782246,1323833,2,22162.40861
266,52,79644,12171,25,2,3,0.152817538,36513,0,20817.27034
267,42,75279,13201,21,0,7,0.17536099,92407,0,21007.9485
268,46,68028,30426,12,1,58,0.447257012,1764708,0,22308.71103
269,35,119263,18778,33,4,49,0.157450341,920122,2,21867.2203
270,35,15126,22116,4,4,39,1.462118207,862524,1,21651.04493
271,19,67329,34297,7,0,53,0.509394169,1817741,0,22399.9406
272,52,42632,20342,22,0,1,0.477153312,20342,3,20480.17257
273,33,80310,28490,33,1,49,0.354750342,1396010,0,21428.74832
274,58,70176,20975,17,3,17,0.298891359,356575,0,21310.72009
275,53,101066,27723,24,0,43,0.274305899,1192089,2,21900.96333
276,50,59327,24279,34,3,25,0.409240312,606975,3,20671.06541
277,21,83904,13765,28,2,59,0.164056541,812135,0,21869.30349
278,50,18797,12561,39,4,3,0.668244933,37683,1,19573.94112
279,31,62882,1525,22,3,15,0.024251773,22875,3,20989.05036
280,38,28718,23861,17,4,29,0.830872623,691969,1,21084.85212
281,37,49560,34142,34,3,53,0.688902341,1809526,3,21122.99368
282,25,91589,27916,6,2,43,0.304796428,1200388,0,22512.24028
283,24,37116,5648,6,0,32,0.15217157,180736,1,21678.33381
284,20,51244,36133,34,2,26,0.705116697,939458,3,20600.14641
285,34,116721,31523,1,0,16,0.270071367,504368,2,22452.76566
286,50,16645,30052,10,0,25,1.805467107,751300,1,21147.89044
287,29,62523,35414,21,4,54,0.566415559,1912356,3,21807.50012
288,39,34256,33781,5,2,28,0.986133816,945868,1,21605.75962
289,39,116376,5599,2,3,9,0.048111294,50391,2,22268.52838
290,47,115158,36046,22,2,56,0.313013425,2018576,2,22400.22989
291,55,68173,36923,2,4,56,0.541607381,2067688,0,22669.0731
292,55,52430,4814,10,0,1,0.091817662,4814,3,21069.09927
293,25,54282,36984,34,4,29,0.681330828,1072536,3,20694.54381
294,44,78374,27616,16,1,57,0.352361753,1574112,0,22245.55797
295,44,83244,3113,39,1,22,0.037396089,68486,0,20680.65354
296,51,26694,14760,22,3,16,0.552933243,236160,1,20601.76921
297,38,71264,22927,12,4,41,0.321719241,940007,0,22004.00157
298,47,90060,21939,24,3,51,0.243604264,1118889,0,21937.60924
299,50,112416,33419,38,3,44,0.297279747,1470436,2,21490.38185
300,45,72545,13588,10,1,51,0.187304432,692988,0,22298.86157
301,50,54224,37142,35,3,54,0.684973443,2005668,3,21155.67413
302,22,117516,34397,32,1,41,0.292700568,1410277,2,21726.9074
303,36,112945,17653,7,0,7,0.156297313,123571,2,21990.34226
304,21,28224,11831,21,4,14,0.419182256,165634,1,20618.74434
305,52,55738,6724,20,3,29,0.120635832,194996,3,21269.34201
306,34,40150,12083,26,1,19,0.300946451,229577,3,20653.89079
307,45,78731,20816,4,2,19,0.264393949,395504,0,21965.67495
308,47,64688,7276,22,3,2,0.112478358,14552,3,20748.51132
309,46,114929,39663,15,0,41,0.345108719,1626183,2,22375.85485
310,23,88509,14994,21,0,45,0.169406501,674730,0,21919.40885
311,52,23577,24499,15,2,15,1.039105908,367485,1,20825.82053
312,58,23070,24040,22,1,3,1.042045947,72120,1,20300.10772
313,54,23666,17959,28,3,11,0.758852362,197549,1,20228.03275
314,41,72761,7099,14,1,53,0.097566004,376247,0,22181.88115
315,46,51368,20576,27,0,46,0.40056066,946496,3,21282.08225
316,48,21783,36946,28,1,30,1.696093284,1108380,1,20588.10573
317,52,56914,7116,26,0,57,0.125030748,405612,3,21605.13139
318,50,85507,16563,2,1,40,0.193703439,662520,0,22543.12366
319,38,94026,27788,25,2,18,0.295535277,500184,2,21280.16213
320,49,82526,27928,3,4,51,0.33841456,1424328,0,22690.41648
321,40,85835,37336,8,2,48,0.434974078,1792128,0,22468.03196
322,50,60765,10847,33,2,2,0.178507364,21694,3,20265.60253
323,20,34956,27155,35,4,32,0.776833734,868960,1,20497.31592
324,35,102895,15135,6,4,8,0.147091695,121080,2,21937.1682
325,42,61240,18774,39,3,22,0.306564337,413028,3,20432.96691
326,59,52148,2742,23,3,6,0.052581115,16452,3,20647.73639
327,48,109270,19309,25,2,12,0.176709069,231708,2,21331.35457
328,20,19757,1619,19,2,47,0.08194564,76093,1,21265.41257
329,57,34097,18658,5,0,57,0.547203566,1063506,1,22185.90651
330,41,25395,35707,11,0,40,1.406064186,1428280,1,21507.49964
331,49,31241,21337,12,3,36,0.682980698,768132,1,21453.1513
332,39,118892,17001,10,3,15,0.142995323,255015,2,22098.15951
333,40,42696,1968,8,0,28,0.046093311,55104,3,21581.10491
334,19,85480,26892,24,0,52,0.314599906,1398384,0,21906.12154
335,44,61163,26619,28,1,57,0.4352141,1517283,3,21573.1873
336,59,34816,1281,36,1,49,0.036793428,62769,1,20796.98896
337,19,64840,28420,37,0,45,0.438309685,1278900,0,21014.79874
338,43,117547,16360,21,1,18,0.139178371,294480,2,21704.47016
339,34,67853,2058,8,4,2,0.030330273,4116,0,21342.54677
340,57,39917,21677,9,3,13,0.543051833,281801,3,21208.9352
341,50,111731,11724,15,3,45,0.104930592,527580,2,22420.12389
342,26,36566,29404,18,0,54,0.804134989,1587816,1,21634.97583
343,56,90452,38946,20,2,15,0.430570911,584190,0,21379.16301
344,46,77823,30856,6,0,20,0.39648947,617120,0,21895.7482
345,59,35806,10200,12,1,29,0.284868458,295800,1,21364.06947
346,43,90520,34997,2,2,59,0.386621741,2064823,0,22980.82103
347,52,16759,26611,7,1,42,1.587863238,1117662,1,21609.968
348,42,56949,36057,16,4,29,0.633145446,1045653,3,21442.51893
349,41,107374,2239,3,1,3,0.020852348,6717,2,22006.9109
350,30,17482,39138,3,4,19,2.238759867,743622,1,21316.1158
351,24,39442,1125,27,4,3,0.028522894,3375,3,20284.96638
352,53,48719,24857,38,1,54,0.510211622,1342278,3,20974.04842
353,37,73066,16398,33,1,14,0.22442723,229572,0,20644.86934
354,18,108501,7638,28,4,40,0.070395665,305520,2,21764.90922
355,25,17079,7570,1,2,59,0.443234381,446630,1,22194.02341
356,33,17717,4249,8,4,55,0.239826156,233695,1,21841.73348
357,31,74676,10110,37,3,4,0.135384863,40440,0,20302.77901
358,29,42952,14605,32,4,59,0.340030732,861695,3,21248.78452
359,40,101444,13115,37,2,52,0.129283151,681980,2,21567.29682
360,32,57460,23911,4,3,11,0.416132962,263021,3,21565.70503
361,45,105397,39525,30,0,58,0.375010674,2292450,2,22011.39862
362,51,87847,33556,6,0,31,0.38198231,1040236,0,22229.31731
363,19,108607,13595,19,2,43,0.125176094,584585,2,22185.27984
364,49,104106,2969,32,4,32,0.028519009,95008,2,21395.35755
365,40,33449,18275,9,1,27,0.546354151,493425,1,21417.06351
366,39,48536,5470,12,2,30,0.112699852,164100,3,21527.43069
367,42,79077,11225,11,3,43,0.141950251,482675,0,22171.96802
368,39,53258,24196,16,3,2,0.454316722,48392,3,20859.16832
369,39,63302,14669,1,0,49,0.231730435,718781,3,22513.66187
370,59,43865,38380,21,3,9,0.874957255,345420,3,20694.47236
371,23,21645,39006,30,2,28,1.802079002,1092168,1,20466.64609
372,32,53000,16577,13,3,31,0.312773585,513887,3,21557.85986
373,54,41737,23473,34,2,34,0.562402664,798082,3,20653.66572
374,50,26485,29625,4,1,56,1.118557674,1659000,1,22120.04208
375,25,53565,16504,28,0,15,0.30811164,247560,3,20644.85607
376,22,40522,25089,38,3,48,0.619145156,1204272,3,20761.37872
377,56,80155,37487,31,2,25,0.467681367,937175,0,21025.17351
378,21,70168,1302,27,4,36,0.018555467,46872,0,21293.03545
379,23,67487,32463,5,0,8,0.481025975,259704,0,21578.48663
380,49,27342,30259,25,1,9,1.106685685,272331,1,20348.93688
381,47,55806,38208,3,2,58,0.684657564,2216064,3,22530.11196
382,52,63770,31659,33,1,58,0.496456014,1836222,0,21423.16789
383,57,93623,36840,4,1,37,0.393493052,1363080,2,22494.50787
384,33,118177,32890,25,3,48,0.278311347,1578720,2,22154.01978
385,30,114785,14598,20,3,45,0.127176896,656910,2,22255.06933
386,59,90629,20508,34,2,39,0.226285185,799812,0,21304.34933
387,47,67603,14380,26,4,32,0.212712454,460160,0,21223.78191
388,36,96974,27984,5,2,58,0.288572195,1623072,2,22913.74426
389,34,41399,9125,35,4,52,0.220415952,474500,3,20971.17677
390,36,100382,37059,28,1,17,0.369179733,630003,2,21211.98223
391,45,96244,5033,29,0,35,0.052294169,176155,2,21486.71882
392,43,91534,38873,9,2,37,0.424683724,1438301,0,22271.56145
393,54,70106,18087,38,2,19,0.257995036,343653,0,20512.45247
394,43,45678,6704,6,4,44,0.146766496,294976,3,22015.5128
395,40,91218,8848,19,1,29,0.096998399,256592,2,21708.60672
396,26,78230,22592,11,1,59,0.288789467,1332928,0,22483.50232
397,29,89055,7924,2,4,7,0.088978721,55468,0,21920.85771
398,18,71373,28208,9,1,28,0.395219481,789824,0,21864.0194
399,18,46480,20614,21,3,9,0.443502582,185526,3,20723.90794
400,51,100230,1488,24,0,28,0.014845855,41664,2,21590.55123
401,49,83836,26923,34,2,6,0.32113889,161538,0,20565.68057
402,42,87258,36941,22,0,29,0.423353733,1071289,0,21544.3722
403,57,54986,30165,3,2,58,0.548594188,1749570,3,22520.88168
404,18,39160,2667,12,3,17,0.068105209,45339,3,21161.02217
405,33,100595,27213,28,1,16,0.270520404,435408,2,21194.31307
406,56,116358,5114,30,4,23,0.043950566,117622,2,21432.44306
407,22,94111,37321,26,3,31,0.396563632,1156951,2,21502.10075
408,39,79929,8761,21,0,3,0.109609779,26283,0,20980.0238
409,46,88506,32116,28,4,21,0.362868054,674436,0,21158.56792
410,20,49911,34768,26,1,26,0.696599948,903968,3,20904.23234
411,29,102127,26426,33,3,36,0.258756254,951336,2,21413.46184
412,43,46821,18772,21,4,42,0.400931206,788424,3,21389.95018
413,33,90039,39218,35,3,37,0.43556681,1451066,0,21217.68813
414,54,75535,4712,34,3,53,0.062381677,249736,0,21415.37962
415,39,99458,2367,18,1,22,0.023798991,52074,2,21700.77863
416,46,27175,27200,11,2,42,1.000919963,1142400,1,21567.66966
417,31,69771,4726,23,4,12,0.067735879,56712,0,20966.50926
418,45,101925,24616,22,1,42,0.241510915,1033872,2,21970.33852
419,22,81358,28723,17,3,13,0.353044568,373399,0,21356.32244
420,47,32327,38574,5,1,11,1.193244037,424314,1,21242.91066
421,22,62057,35958,11,2,54,0.579435036,1941732,3,22201.11807
422,29,21150,10108,30,4,16,0.477919622,161728,1,20220.27277
423,33,19425,13178,15,2,8,0.678404118,105424,1,20638.61633
424,43,31032,36643,27,0,40,1.180813354,1465720,1,20932.77067
425,43,17198,32324,35,4,59,1.879520875,1907116,1,20839.22722
426,38,75500,39360,33,2,57,0.521324503,2243520,0,21535.13911
427,56,68394,18824,20,3,40,0.275228821,752960,0,21632.53807
428,53,35079,9927,16,4,45,0.282989823,446715,1,21517.40916
429,50,51220,29144,34,4,59,0.568996486,1719496,3,21262.08005
430,47,56874,32010,2,1,2,0.562823083,64020,3,21458.28041
431,54,28859,23443,35,3,30,0.81232891,703290,1,20388.55186
432,40,65460,15437,28,0,30,0.235823404,463110,0,21079.75311
433,27,46419,12207,39,2,12,0.262974213,146484,3,20065.46744
434,22,23705,26537,6,1,10,1.119468467,265370,1,21085.90454
435,53,57880,36757,9,2,44,0.635055287,1617308,3,22033.2048
436,51,38236,13040,20,0,11,0.341039858,143440,3,20711.12978
437,48,102955,23612,1,0,15,0.229342917,354180,2,22277.74278
438,27,100514,29441,8,4,16,0.292904471,471056,2,21991.12819
439,36,118145,7471,23,0,17,0.063235854,127007,2,21611.36204
440,49,30358,36631,3,2,26,1.206634166,952406,1,21601.52115
441,18,114713,27523,4,3,2,0.239929215,55046,2,22029.56877
442,22,109914,32348,25,3,50,0.294302819,1617400,2,22101.14141
443,21,117870,2177,38,4,12,0.0184695,26124,2,20909.63744
444,33,91918,5760,15,2,51,0.062664549,293760,2,22317.5008
445,41,29596,33779,21,2,26,1.141336667,878254,1,20874.98955
446,33,48572,22636,35,0,23,0.466029811,520628,3,20469.98253
447,19,93757,17353,14,2,18,0.185084847,312354,2,21715.88394
448,45,16279,12556,36,1,32,0.771300448,401792,1,20247.19311
449,49,78197,28598,12,0,49,0.365717355,1401302,0,22242.5767
450,44,77516,12563,17,1,38,0.162069766,477394,0,21814.74475
451,37,22083,9234,39,4,57,0.418149708,526338,1,20694.53597
452,41,32771,26519,9,3,47,0.809221568,1246393,1,21810.76728
453,29,44975,27966,35,4,3,0.621812118,83898,3,20028.15749
454,52,60648,17173,13,3,38,0.283158554,652574,3,21784.41655
455,50,63285,27987,15,4,3,0.442237497,83961,3,21031.98973
456,50,34063,14178,18,2,30,0.416228753,425340,1,21125.19821
457,54,82642,25596,33,1,1,0.309721449,25596,0,20491.79282
458,29,105093,34174,6,3,30,0.325178651,1025220,2,22403.37904
459,20,101143,5431,27,0,45,0.053696252,244395,2,21822.30461
460,18,52599,28764,23,1,32,0.546854503,920448,3,21174.54936
461,50,66920,22627,27,0,28,0.338120143,633556,0,21095.94029
462,57,43529,9906,34,1,21,0.227572423,208026,3,20412.9691
463,27,50954,37914,38,1,58,0.744082898,2199012,3,21079.47368
464,46,42856,14076,14,4,46,0.328448759,647496,3,21704.78994
465,30,17573,38650,36,3,13,2.199396802,502450,1,19880.49009
466,29,93344,7012,8,3,27,0.075119986,189324,2,22131.15413
467,48,50367,8151,35,1,36,0.161832152,293436,3,20751.05599
468,19,117337,29211,19,2,7,0.248949607,204477,2,21561.1444
469,52,114608,28117,30,2,22,0.245331914,618574,2,21392.67752
470,40,75774,37378,14,0,10,0.493282656,373780,0,21352.92519
471,34,38752,7894,20,0,39,0.203705615,307866,3,21278.80799
472,43,70029,14467,25,4,53,0.206585843,766751,0,21712.37878
473,25,32685,32010,24,1,15,0.979348325,480150,1,20569.36705
474,46,66693,13289,14,0,15,0.199256294,199335,0,21351.03939
475,43,70961,24171,26,0,4,0.340623723,96684,0,20699.71114
476,27,91908,35905,38,1,32,0.390662402,1148960,0,21018.73347
477,43,89532,21829,23,4,23,0.243812268,502067,0,21409.6823
478,51,96994,35054,22,0,55,0.361403798,1927970,2,22175.70119
479,58,71133,30734,19,4,6,0.43206388,184404,0,21020.98522
480,24,112425,8052,3,3,24,0.071621081,193248,2,22485.16958
481,21,76268,4654,19,4,20,0.06102166,93080,0,21359.72196
482,28,107201,24486,9,2,58,0.228412048,1420188,2,22869.31846
483,46,53243,19743,28,2,37,0.370809308,730491,3,21082.70069
484,53,72384,25489,20,4,20,0.352135831,509780,0,21276.11562
485,42,46653,9636,7,2,12,0.206546203,115632,3,21344.46447
486,38,41657,7441,14,3,33,0.178625441,245553,3,21430.42531
487,53,54952,25611,9,1,28,0.46606129,717108,3,21679.17745
488,27,37180,13149,19,2,8,0.353657881,105192,1,20678.92899
489,54,112432,35566,14,2,1,0.316333428,35566,2,21584.96261
490,26,93411,22675,38,4,37,0.242744431,838975,2,21135.9858
491,41,16622,6495,36,3,22,0.390747203,142890,1,20050.38625
492,52,63756,14673,17,1,6,0.230143045,88038,3,21017.71917
493,52,55809,12130,30,4,21,0.217348456,254730,3,20710.74352
494,53,31725,23668,9,4,32,0.746036249,757376,1,21497.99132
495,35,76396,16222,33,3,35,0.21234096,567770,0,21103.75569
496,56,66226,24669,25,1,15,0.372497207,370035,0,20907.03285
497,49,96182,35068,14,3,5,0.364600445,175340,2,21482.31264
498,41,97565,24253,11,1,56,0.248582996,1358168,2,22640.94518
499,40,44402,10435,35,3,46,0.235011936,480010,3,20884.57916
500,49,19263,29552,14,4,50,1.534132793,1477600,1,21519.48396
501,54,111523,38384,30,4,48,0.344180124,1842432,2,21879.68773
502,29,61828,17393,4,0,6,0.281312674,104358,3,21514.53924
503,30,62924,11617,4,2,25,0.184619541,290425,3,21908.14514
504,40,89182,39520,28,3,56,0.44313875,2213120,0,21868.51462
505,42,108065,10852,8,0,46,0.100421043,499192,2,22678.12899
506,52,74052,32401,2,2,59,0.437543888,1911659,0,22795.45003
507,58,26664,7295,22,3,56,0.273589859,408520,1,21404.10278
508,47,50737,36993,16,1,40,0.729112876,1479720,3,21593.32854
509,34,116332,35084,29,2,29,0.301585118,1017436,2,21592.43743
510,37,104563,37451,30,4,7,0.358166847,262157,2,20978.60489
511,42,44373,8227,12,0,40,0.185405539,329080,3,21681.23795
512,39,51397,32910,35,2,13,0.640309746,427830,3,20301.11414
513,30,101145,37041,11,2,38,0.366216817,1407558,2,22320.04116
514,36,116371,24384,21,4,18,0.20953674,438912,2,21691.23259
515,53,53709,1145,21,3,2,0.021318587,2290,3,20664.81325
516,29,76120,38778,5,1,8,0.509432475,310224,0,21675.66345
517,58,34250,17035,20,4,11,0.497372263,187385,1,20666.26163
518,36,36172,4040,37,1,33,0.111688599,133320,1,20451.29784
519,29,26555,27160,3,3,54,1.022782903,1466640,1,22120.58281
520,26,102410,18633,33,2,38,0.181945123,708054,2,21456.78098
521,24,93617,30344,9,1,48,0.324129165,1456512,2,22515.74321
522,45,68276,18014,9,0,27,0.263840881,486378,0,21809.09143
523,31,72492,15996,4,0,20,0.220658831,319920,0,21915.51282
524,48,68002,12695,35,4,12,0.186685686,152340,0,20467.96049
525,36,104599,3852,17,3,43,0.036826356,165636,2,22219.93673
526,33,87355,17014,34,4,31,0.194768473,527434,0,21106.96151
527,22,106248,28042,24,4,27,0.263929674,757134,2,21638.22568
528,52,39762,34755,32,4,32,0.874075751,1112160,3,20671.07339
529,29,26046,24711,1,0,10,0.948744529,247110,1,21311.68758
530,42,111999,27122,8,0,3,0.242162876,81366,2,21859.5402
531,38,43769,10160,23,4,45,0.232127762,457200,3,21336.02319
532,53,68302,28213,12,0,27,0.413062575,761751,0,21689.72507
533,40,38150,8421,12,3,35,0.220733945,294735,3,21510.85524
534,33,83247,22400,15,4,31,0.269078766,694400,0,21818.56061
535,56,19853,34537,19,0,15,1.739636327,518055,1,20624.35618
536,59,109613,18727,26,1,16,0.170846524,299632,2,21375.5963
537,56,104399,5358,29,4,13,0.051322331,69654,2,21137.04587
538,31,36792,29482,22,4,49,0.801315503,1444618,1,21377.6405
539,48,74129,33117,21,3,35,0.446748236,1159095,0,21556.87348
540,22,89478,24164,38,2,52,0.270055209,1256528,0,21392.71596
541,52,82298,32910,20,2,11,0.399888211,362010,0,21207.1109
542,40,46987,33496,29,3,59,0.71287803,1976264,3,21413.86328
543,46,30850,30371,4,3,21,0.984473258,637791,1,21466.83907
544,28,27112,39467,7,3,51,1.455702272,2012817,1,21907.10692
545,35,39058,18625,28,2,54,0.476854934,1005750,3,21264.16343
546,29,60420,34893,28,3,11,0.577507448,383823,3,20641.75182
547,26,53890,11793,4,0,30,0.218834663,353790,3,21906.7884
548,27,81017,32007,22,4,48,0.395065233,1536336,0,21855.38963
549,34,62304,26766,12,4,53,0.429603236,1418598,3,22143.94528
550,55,47921,13323,3,1,35,0.278020075,466305,3,21979.81898
551,24,16524,8843,22,1,22,0.535160978,194546,1,20607.69194
552,30,115424,15210,2,4,38,0.131775021,577980,2,22839.74892
553,57,30048,17456,24,0,31,0.580937167,541136,1,20860.75233
554,59,50111,32367,34,2,14,0.645906088,453138,3,20346.59149
555,26,52904,11106,27,2,24,0.209927416,266544,3,20857.90295
556,44,69912,38957,1,0,50,0.557229088,1947850,0,22608.13369
557,19,49008,3472,8,2,49,0.070845576,170128,3,22073.55795
558,22,15060,7704,23,3,32,0.511553785,246528,1,20751.99399
559,46,89666,4713,38,4,36,0.052561729,169668,0,21073.76366
560,54,98559,6051,6,4,32,0.061394698,193632,2,22369.96305
561,55,70337,11756,22,0,55,0.167138206,646580,0,21875.63836
562,36,28350,3475,25,2,15,0.122574956,52125,1,20480.68406
563,25,39354,37378,18,1,43,0.949789094,1607254,3,21445.62418
564,18,60186,5255,17,1,58,0.087312664,304790,3,22021.00633
565,39,43145,15484,12,2,35,0.358882837,541940,3,21567.08114
566,34,49020,35503,6,1,3,0.724255406,106509,3,21230.39376
567,24,101123,9258,26,0,16,0.091551872,148128,2,21280.02916
568,42,90186,36196,27,0,5,0.401348325,180980,0,20896.29657
569,21,100469,9533,8,2,21,0.094884989,200193,2,22090.95555
570,53,35581,33581,19,1,10,0.943790225,335810,1,20701.06351
571,23,103929,6249,1,0,19,0.060127587,118731,2,22368.97367
572,48,38051,20201,29,0,25,0.530892749,505025,3,20631.00519
573,36,66474,10686,35,3,4,0.160754581,42744,0,20290.22641
574,56,106748,33007,14,3,29,0.309204856,957203,2,22082.85091
575,44,84626,1661,35,0,19,0.019627538,31559,0,20795.55497
576,27,21960,31137,20,2,43,1.417896175,1338891,1,21170.05703
577,43,50772,11526,13,4,2,0.22701489,23052,3,20950.84385
578,36,36520,4374,38,4,10,0.119769989,43740,1,19953.79276
579,56,64481,26592,8,0,43,0.412400552,1143456,0,22127.32811
580,20,51408,29982,20,0,25,0.58321662,749550,3,21140.33451
581,30,109006,1207,33,0,20,0.011072785,24140,2,21169.82636
582,45,72134,36433,26,2,48,0.50507389,1748784,0,21595.85332
583,37,35491,24197,39,3,19,0.681778479,459743,1,20082.92457
584,45,16341,34400,21,0,23,2.105134325,791200,1,20665.58514
585,25,59623,4083,9,0,24,0.068480284,97992,3,21651.48914
586,58,105327,30328,24,1,11,0.287941364,333608,2,21306.79
587,56,15338,21103,37,2,46,1.375863868,970738,1,20477.6494
588,18,86431,11754,17,0,34,0.135992873,399636,0,21834.82876
589,20,27254,35447,24,1,55,1.300616423,1949585,1,21310.90461
590,30,66860,16901,21,4,28,0.252781932,473228,0,21334.58297
591,45,26344,34004,39,0,5,1.290768296,170020,1,19699.02701
592,42,16750,8446,39,0,59,0.504238806,498314,1,20674.63896
593,50,69756,38211,13,1,5,0.547780836,191055,0,21224.73639
594,55,82957,30301,11,2,51,0.365261521,1545351,0,22376.17725
595,23,73053,27116,19,0,21,0.371182566,569436,0,21343.5993
596,49,85855,19752,11,4,12,0.230062314,237024,0,21626.19392
597,38,30896,33376,13,0,50,1.080269291,1668800,1,21690.31643
598,33,70761,17669,1,4,4,0.249699693,70676,0,21694.61846
599,38,77552,33916,19,3,54,0.437332371,1831464,0,22056.4458
600,28,92454,14395,12,3,49,0.15569905,705355,2,22403.05972
601,54,105600,21421,8,4,42,0.202850379,899682,2,22570.11474
602,53,42935,27342,8,2,20,0.636823105,546840,3,21423.26095
603,52,52641,5895,12,0,38,0.111984955,224010,3,21734.17261
604,36,44711,12023,33,0,25,0.268904744,300575,3,20546.42768
605,37,85342,11699,26,3,14,0.137083734,163786,0,21062.25777
606,35,27182,10715,39,4,11,0.394194688,117865,1,19828.86059
607,58,102833,20169,28,0,32,0.196133537,645408,2,21540.57348
608,31,71276,17163,5,0,11,0.240796341,188793,0,21681.33762
609,32,34541,6782,8,2,18,0.196346371,122076,1,21288.64085
610,48,109457,23641,25,1,27,0.215984359,638307,2,21634.46124
611,18,97310,19792,27,3,55,0.203391224,1088560,2,21979.8265
612,20,59813,36585,23,3,54,0.611656329,1975590,3,21697.22249
613,33,52198,31682,30,1,18,0.606958121,570276,3,20609.89618
614,40,23820,19880,23,0,56,0.834592779,1113280,1,21332.20313
615,28,39070,39067,20,2,23,0.999923215,898541,3,20961.31903
616,29,84768,19073,18,2,11,0.225002359,209803,0,21314.68698
617,27,26122,37035,18,3,21,1.417770462,777735,1,20855.20981
618,49,95559,38174,2,2,44,0.399480949,1679656,2,22736.54049
619,33,88543,25837,4,1,5,0.291801723,129185,0,21795.18816
620,25,98441,18826,30,0,23,0.191241454,432998,2,21230.76149
621,55,56786,25981,33,1,41,0.457524742,1065221,3,21003.41765
622,29,109934,11382,36,4,59,0.103534848,671538,2,21843.21778
623,41,114804,5437,18,3,25,0.047358977,135925,2,21933.72026
624,45,21737,6435,37,2,41,0.296039012,263835,1,20449.34543
625,25,51062,25819,19,4,54,0.505640202,1394226,3,21758.26279
626,45,69237,37875,28,2,10,0.5470341,378750,0,20720.93304
627,53,66571,32982,20,0,22,0.495440958,725604,0,21250.81551
628,43,40510,34328,33,0,19,0.847395705,652232,3,20378.7387
629,25,34426,13329,12,0,1,0.387178295,13329,1,20786.6657
630,45,52265,26169,15,2,7,0.500698364,183183,3,20988.21093
631,45,32850,22932,39,4,4,0.698082192,91728,1,19752.1946
632,54,81150,35594,2,0,1,0.43861984,35594,0,21711.47489
633,58,102312,12421,29,4,15,0.121403159,186315,2,21153.68725
634,53,104613,8629,10,2,40,0.082484968,345160,2,22439.09839
635,44,89910,9325,2,4,12,0.103714826,111900,0,22030.81587
636,34,67375,29495,11,2,22,0.437773655,648890,0,21618.84279
637,26,50435,32750,13,2,22,0.649350649,720500,3,21348.38606
638,50,111443,30619,10,3,50,0.274750321,1530950,2,22716.64767
639,37,72132,9264,14,2,47,0.128431209,435408,0,22054.40016
640,30,93945,13686,18,2,17,0.145680984,232662,2,21538.38799
641,45,97050,25226,9,1,29,0.259927872,731554,2,22173.1177
642,46,110402,7721,39,0,46,0.069935327,355166,2,21467.9586
643,30,17983,21609,28,3,14,1.201634877,302526,1,20224.26276
644,52,112241,8373,3,3,50,0.074598409,418650,2,23004.83471
645,23,35662,39675,20,3,20,1.112528742,793500,1,20862.75675
646,35,38510,29937,6,1,50,0.777382498,1496850,3,22055.22735
647,22,93187,6656,27,2,48,0.071426272,319488,2,21792.94874
648,42,55998,9984,2,0,33,0.178292082,329472,3,22070.49
649,19,71846,30984,29,4,55,0.431255741,1704120,0,21613.41991
650,27,109071,9286,38,2,59,0.085137204,547874,2,21753.73079
651,47,21640,6901,3,1,43,0.318900185,296743,1,21844.52282
652,22,59547,32552,16,2,15,0.546660621,488280,3,21190.82821
653,50,69620,26709,30,2,12,0.383639759,320508,0,20685.60513
654,18,30317,32055,2,1,40,1.057327572,1282200,1,21921.88092
655,35,22564,38685,17,3,54,1.714456657,2088990,1,21517.24955
656,49,42345,9429,12,3,20,0.222670917,188580,3,21257.07427
657,28,109223,15716,35,0,30,0.143889108,471480,2,21293.16414
658,38,94273,12138,1,0,38,0.128753726,461244,2,22641.55037
659,43,89859,36298,15,3,3,0.403943957,108894,0,21331.11828
660,42,95765,24429,26,4,28,0.255093197,684012,2,21460.51855
661,39,89038,6772,37,2,56,0.076057414,379232,0,21507.91659
662,44,67393,36732,21,4,26,0.54504177,955032,0,21300.44909
663,30,81081,18347,31,2,30,0.226279893,550410,0,21135.93087
664,50,117650,17920,25,3,13,0.152316192,232960,2,21445.75029
665,51,44430,32822,23,0,13,0.738735089,426686,3,20701.32668
666,58,90532,24563,24,0,2,0.271318429,49126,0,20959.64998
667,52,42788,8967,38,4,37,0.209568103,331779,3,20566.15121
668,18,110505,12871,28,0,49,0.116474368,630679,2,21968.06815
669,38,63543,29763,21,3,38,0.468391483,1130994,3,21497.91318
670,23,28919,12916,18,4,2,0.446626785,25832,1,20505.42522
671,45,84346,9734,36,2,36,0.115405591,350424,0,21093.65211
672,34,111122,34613,35,0,54,0.311486474,1869102,2,21796.14287
673,22,54974,29179,9,1,26,0.530778186,758654,3,21639.29153
674,48,31371,36262,38,0,11,1.155908323,398882,1,19915.90015
675,22,60084,13677,30,2,8,0.227631316,109416,3,20497.99662
676,55,44629,19268,34,4,44,0.431737211,847792,3,20886.88715
677,20,66184,13330,32,2,40,0.201408195,533200,0,21129.02521
678,40,76916,21733,3,1,43,0.282554995,934519,0,22466.73362
679,54,88972,38947,3,3,22,0.437744459,856834,0,22181.0388
680,54,77187,28286,28,0,20,0.366460673,565720,0,21011.08953
681,27,27984,7610,15,4,8,0.271941109,60880,1,20734.96017
682,27,48039,7430,23,3,29,0.154666001,215470,3,21063.01967
683,36,100431,14828,11,2,40,0.147643656,593120,2,22352.13763
684,34,98691,32497,32,4,26,0.329280279,844922,2,21214.00325
685,38,73606,37618,36,3,30,0.511072467,1128540,0,20852.35729
686,31,25616,27526,33,4,17,1.074562773,467942,1,20170.95177
687,26,117665,31158,24,1,20,0.264802618,623160,2,21626.27295
688,18,65072,26032,39,1,52,0.400049176,1353664,0,21078.10502
689,30,39574,38846,34,0,55,0.981604083,2136530,3,21050.72046
690,21,18430,30794,28,0,16,1.670862724,492704,1,20269.42795
691,18,27676,6448,37,1,46,0.232981645,296608,1,20616.53131
692,57,25816,29861,7,4,43,1.156685776,1284023,1,21731.98433
693,49,47733,29141,4,1,7,0.610500073,203987,3,21375.94655
694,51,100680,10074,37,0,16,0.100059595,161184,2,20836.29277
695,45,17050,7406,1,1,45,0.434369501,333270,1,21912.76203
696,48,48933,32823,1,1,59,0.670774324,1936557,3,22552.58594
697,25,39951,24291,20,4,47,0.608019824,1141677,3,21452.83871
698,56,47413,33003,19,3,56,0.696074916,1848168,3,21757.32162
699,43,49801,35406,29,0,48,0.710949579,1699488,3,21224.80429
700,51,70619,24312,10,4,27,0.344269956,656424,0,21795.57892
701,20,47913,2382,18,1,53,0.049715109,126246,3,21742.63583
702,29,55600,35171,28,1,23,0.632571942,808933,3,20828.29717
703,18,72775,4292,35,3,24,0.058976297,103008,0,20762.48884
704,22,105816,34187,31,0,9,0.323079685,307683,2,20992.95642
705,47,105093,13411,27,0,35,0.127610783,469385,2,21666.09972
706,47,50400,38285,11,2,51,0.759623016,1952535,3,22009.70144
707,34,19494,16422,38,0,20,0.84241305,328440,1,19962.80848
708,40,95688,33371,5,3,37,0.348748014,1234727,2,22477.86607
709,32,104431,6693,8,2,42,0.064090165,281106,2,22556.95597
710,54,89691,34535,34,2,17,0.385044207,587095,0,20852.3216
711,38,112419,15818,12,1,47,0.140705753,743446,2,22587.66091
712,31,58001,32238,38,1,31,0.555818003,999378,3,20616.99469
713,19,82364,31874,1,0,55,0.386989461,1753070,0,22848.63275
714,28,60028,27715,31,2,57,0.461701206,1579755,3,21440.75221
715,56,112659,28605,4,1,8,0.25390781,228840,2,22126.84873
716,55,52573,35317,5,3,15,0.671770681,529755,3,21551.07561
717,51,15806,32174,30,1,31,2.035556118,997394,1,20461.1201
718,55,71638,10956,24,1,53,0.152935593,580668,0,21770.37673
719,51,44757,39908,3,2,30,0.891659405,1197240,3,21843.86971
720,35,49636,11837,11,2,46,0.238476106,544502,3,21900.76761
721,47,95097,4716,4,4,20,0.04959147,94320,2,22169.96457
722,32,63280,5481,26,3,39,0.086615044,213759,3,21315.5878
723,44,39262,25282,27,2,53,0.643930518,1339946,3,21286.2793
724,51,95435,7548,27,0,55,0.07909048,415140,2,21958.72068
725,55,77211,38605,6,3,12,0.499993524,463260,0,21728.325
726,50,69842,8758,15,3,49,0.125397325,429142,0,22028.87014
727,41,71979,24177,30,2,17,0.335889634,411009,0,20812.49297
728,32,96470,25022,37,3,42,0.259375972,1050924,2,21310.63949
729,47,53197,6542,37,2,30,0.12297686,196260,3,20582.73833
730,59,56844,26476,37,1,29,0.465765956,767804,3,20603.72377
731,34,79754,31784,35,4,19,0.398525466,603896,0,20740.71361
732,22,116868,23740,23,1,46,0.203135161,1092040,2,22178.92423
733,46,49157,25817,6,2,11,0.525194784,283987,3,21392.47015
734,21,92129,17052,4,2,34,0.1850883,579768,2,22417.49041
735,27,55042,36153,18,1,50,0.656825697,1807650,3,21762.68263
736,34,76665,1671,9,0,7,0.021796126,11697,0,21502.18605
737,27,97856,1163,29,0,44,0.01188481,51172,2,21685.46523
738,34,42376,5795,13,0,58,0.136751935,336110,3,21980.07457
739,37,70554,11634,17,2,34,0.164894974,395556,0,21656.11031
740,41,29199,5798,32,3,59,0.198568444,342082,1,21093.97475
741,22,96412,23420,22,2,20,0.24291582,468400,2,21466.81259
742,51,65948,30300,4,3,50,0.459452902,1515000,0,22443.85415
743,23,88781,25345,5,1,38,0.285477749,963110,0,22420.18464
744,19,87750,11749,37,4,24,0.133891738,281976,0,20851.28129
745,30,81262,39595,13,3,10,0.487251114,395950,0,21454.58686
746,28,61600,26121,34,0,32,0.424042208,835872,3,20837.11876
747,40,91898,38487,22,2,52,0.41880128,2001324,0,22058.13804
748,33,77483,29411,23,1,15,0.379580037,441165,0,21113.51925
749,48,33297,34361,3,0,37,1.031954831,1271357,1,21855.33842
750,28,45448,22223,34,1,20,0.488976413,444460,3,20414.50342
751,33,41172,8394,32,4,3,0.203876421,25182,3,20105.0083
752,25,57874,15056,21,2,37,0.260151363,557072,3,21414.03366
753,21,22657,29380,21,2,57,1.296729488,1674660,1,21418.95136
754,57,99386,27035,11,4,40,0.272020204,1081400,2,22340.37465
755,21,40425,31620,39,2,8,0.782189239,252960,3,19917.72924
756,42,41685,20877,4,3,40,0.500827636,835080,3,21970.07141
757,20,39578,31911,1,1,44,0.806281267,1404084,3,22146.28026
758,49,43831,33784,28,0,56,0.770778673,1891904,3,21358.02396
759,20,22906,4191,24,4,23,0.182965162,96393,1,20619.82461
760,44,76413,34160,35,3,40,0.447044351,1366400,0,21124.50827
761,46,69028,26000,13,0,11,0.376658747,286000,0,21336.94239
762,49,22287,4631,34,0,46,0.207789294,213026,1,20675.52941
763,36,48660,7172,11,4,8,0.147390053,57376,3,21127.24363
764,38,90758,24561,36,3,29,0.270620772,712269,0,21025.36091
765,22,75504,25817,17,0,30,0.341928904,774510,0,21631.56255
766,35,74720,21281,35,0,56,0.284809957,1191736,0,21426.51962
767,45,117979,29671,18,3,10,0.25149391,296710,2,21668.45772
768,59,49701,26364,22,2,39,0.530452104,1028196,3,21322.28202
769,39,98300,28425,24,0,28,0.289165819,795900,2,21568.8263
770,38,32674,29602,19,1,49,0.90598029,1450498,1,21450.94553
771,23,98560,24253,37,3,36,0.246073458,873108,2,21213.76475
772,18,38874,24472,39,0,13,0.629521017,318136,3,20000.60441
773,22,58642,9080,21,4,32,0.15483783,290560,3,21322.3447
774,58,112820,8099,8,1,36,0.071786917,291564,2,22530.98553
775,29,80160,26431,28,0,37,0.329728044,977947,0,21385.6902
776,43,32602,32186,5,1,26,0.987240047,836836,1,21547.00791
777,51,118320,31111,17,1,22,0.262939486,684442,2,21952.98389
778,31,103801,23614,37,2,4,0.227492991,94456,2,20630.62273
779,43,40931,27724,36,1,31,0.677335027,859444,3,20504.62
780,44,109377,5940,19,2,18,0.054307578,106920,2,21692.27776
781,26,44192,29758,27,3,38,0.673379797,1130804,3,21040.77181
782,43,61542,37224,34,2,24,0.604855221,893376,3,20675.93164
783,39,57520,8788,11,4,56,0.152781641,492128,3,22190.18118
784,47,79772,29082,12,0,23,0.364564007,668886,0,21738.56927
785,34,73762,25034,21,3,22,0.339388845,550748,0,21291.8742
786,43,65106,36479,11,3,2,0.560301662,72958,0,21191.9663
787,53,96121,12280,39,4,31,0.127755641,380680,2,21006.20371
788,18,40559,19052,28,2,55,0.469735447,1047860,3,21301.12612
789,25,48742,17531,5,0,11,0.359669279,192841,3,21427.68507
790,52,84669,23804,17,2,28,0.281141858,666512,0,21694.59423
791,32,95199,29903,20,1,46,0.314110442,1375538,2,22054.66754
792,39,36754,11142,12,2,32,0.303150677,356544,1,21434.94091
793,31,18972,10866,6,3,5,0.572738773,54330,1,20932.29392
794,43,85831,5531,17,0,38,0.064440587,210178,0,21908.34202
795,45,56873,39098,19,2,10,0.687461537,390980,3,20940.73556
796,40,109661,39278,26,0,40,0.358176562,1571120,2,21857.73937
797,31,24903,29138,32,0,46,1.170059832,1340348,1,20784.74894
798,41,18020,28065,6,1,24,1.557436182,673560,1,21302.84664
799,19,56755,30956,36,1,35,0.545432121,1083460,3,20763.00898
800,43,100956,11759,38,3,44,0.116476485,517396,2,21361.38308
